country,population,netMigration,population_in_millions
Afghanistan,18782444.28125,-2570326,18.296875
Albania,2713609.46875,-1411489,2.1875
Algeria,26222807.796875,-873554,25.703125
American Samoa,42368.71875,-42044,0.0
Andorra,50480.640625,51997,0.0
Angola,15188963.703125,1993735,14.703125
Antigua and Barbuda,72316.78125,-20766,0.0
Argentina,33202795.546875,402012,32.734375
Armenia,2927305.828125,-1159157,2.4375
Aruba,77906.5,4370,0.0
Australia,17631488.421875,7818329,17.15625
Austria,7917847.3125,1456500,7.40625
Azerbaijan,7246785.046875,-645652,6.765625
Bahrain,677471.578125,584191,0.265625
Bangladesh,110502817.5625,-20504716,110.0
Barbados,259619.59375,-71952,0.0
Belarus,9511239.109375,-201260,9.0625
Belgium,10239946.25,1627045,9.71875
Belize,217794.765625,3797,0.0
Benin,6333795.875,-24544,5.796875
Bermuda,58366.53125,-2364,0.0
Bhutan,519540.984375,-7684,0.0
Bosnia and Herzegovina,3895418.265625,-1609483,3.453125
Botswana,1427281.640625,186263,0.90625
Brazil,150663705.28125,18146,150.15625
Brunei Darussalam,271529.640625,62051,0.0
Bulgaria,8093770.171875,-846478,7.546875
Burkina Faso,11021612.921875,-1431133,10.515625
Burundi,6321279.6875,-1068647,5.796875
Cabo Verde,400372.953125,-181319,0.0
Cambodia,10251990.984375,-666760,9.71875
Cameroon,13530657.9375,-455735,13.046875
Canada,28226290.96875,10187120,27.765625
Cayman Islands,32717.109375,42613,0.0
Central African Republic,3298674.703125,-1679103,2.765625
Chad,7797086.515625,222503,7.34375
Chile,13717895.0625,386399,13.203125
China,1109125312.5,-17070233,1108.65625
Colombia,33668811.984375,-1225871,33.140625
Comoros,466433.5625,-84610,0.0
Costa Rica,3304390.6875,364000,2.8125
Croatia,4398162.921875,-485010,3.953125
Cuba,10224931.28125,-1808000,9.78125
Cyprus,868258.203125,252293,0.328125
Czechia,10237331.3125,299758,9.765625
Denmark,5246286.8125,649166,4.796875
Djibouti,567597.53125,323137,0.140625
Dominica,69151.75,-39714,0.0
Dominican Republic,7329601.921875,-1460649,6.828125
Ecuador,10911625.203125,-348286,10.40625
El Salvador,5075701.8125,-2924034,4.640625
Equatorial Guinea,678223.71875,400343,0.234375
Eritrea,2206267.125,-791083,1.78125
Estonia,1392234.828125,51035,1.0
Eswatini,815530.421875,-321396,0.40625
Ethiopia,59303048.296875,2078259,58.875
Faroe Islands,44548.5,-2605,0.0
Fiji,734598.765625,-407194,0.0
Finland,5020539.265625,218300,4.515625
France,58527398.109375,5171494,58.03125
French Polynesia,208108.359375,-25299,0.0
Gabon,1178783.078125,245987,0.65625
Georgia,4152434.78125,-2041581,3.546875
Germany,79807685.421875,13307249,79.328125
Ghana,17599745.640625,-1050941,17.09375
Gibraltar,28406.40625,-4227,0.0
Greece,10019931.578125,406022,9.453125
Greenland,51793.734375,-15775,0.0
Grenada,105445.671875,-77738,0.0
Guam,132636.625,-61807,0.0
Guatemala,9983785.1875,-2160901,9.515625
Guinea,7389353.921875,-1094385,6.859375
Guinea-Bissau,1127279.296875,-151566,0.5625
Guyana,740965.265625,-709174,0.0
Haiti,7379137.09375,-1592460,6.875
Honduras,5700087.59375,-596711,5.21875
Hungary,10229459.140625,776234,9.78125
Iceland,264904.03125,33800,0.0
India,916069253.703125,-11247041,915.5625
Indonesia,185108591.265625,-359691,184.609375
Iraq,21534702.890625,162358,21.0
Ireland,3759066.015625,315474,3.171875
Isle of Man,69264.828125,43314,0.0
Israel,5396000.3125,1806744,4.90625
Italy,56572525.671875,4322252,56.0
Jamaica,2354260.453125,-1235118,1.765625
Japan,118512300.5,4385624,118.0
Jordan,4545948.390625,2984384,4.046875
Kazakhstan,14900428.078125,-2164886,14.40625
Kenya,26815427.765625,-1975572,26.28125
Kiribati,82000.0,-37291,0.0
Kuwait,2012901.46875,1496752,1.5
Latvia,2309606.203125,-191453,1.84375
Lebanon,3842608.671875,-554739,3.359375
Lesotho,1652661.296875,-313979,1.078125
Liberia,2714354.78125,-116298,2.265625
Libya,4206867.109375,-115428,3.671875
Liechtenstein,29032.390625,14118,0.0
Lithuania,3248694.953125,-624803,2.71875
Luxembourg,428445.28125,275101,0.0
Madagascar,14394816.0,-74200,13.890625
Malawi,10091686.9375,-87596,9.578125
Malaysia,19575884.890625,4502978,19.109375
Maldives,255633.84375,89732,0.0
Mali,10960674.140625,-2372378,10.46875
Malta,373773.140625,61249,0.0
Marshall Islands,39758.578125,-46765,0.0
Mauritania,2352070.578125,-235629,1.84375
Mauritius,1054108.09375,-135168,0.640625
Mexico,84063561.203125,-14151531,83.53125
Monaco,29831.765625,21648,0.0
Mongolia,2132368.265625,-76323,1.6875
Montenegro,584306.359375,-137894,0.0
Morocco,24753180.1875,-4175975,24.25
Mozambique,16298047.1875,-989832,15.796875
Myanmar,39610475.359375,-3739778,39.125
Namibia,1472301.984375,-98687,0.921875
Nauru,9005.328125,-3757,0.0
Nepal,20331035.578125,-4840949,19.84375
Netherlands,14988403.90625,1834115,14.484375
New Caledonia,182253.0,22051,0.0
New Zealand,3627485.9375,875987,3.171875
Nicaragua,4329642.5625,-1301521,3.828125
Niger,10935714.953125,-241478,10.421875
Nigeria,110784107.125,830402,110.25
North Macedonia,1867646.9375,-327168,1.25
Northern Mariana Islands,39241.9375,-6947,0.0
Norway,4397847.46875,831921,3.953125
Oman,2053430.484375,1126997,1.53125
Pakistan,128455910.140625,-18487914,128.015625
Palau,15327.6875,-523,0.0
Panama,2629503.21875,79979,2.171875
Papua New Guinea,4990781.28125,532515,4.5
Paraguay,4238454.75,-905361,3.734375
Peru,22323222.203125,-2790599,21.859375
Philippines,67347065.734375,-10049649,66.84375
Poland,36184594.734375,1280304,35.6875
Portugal,9845269.125,-721609,9.328125
Puerto Rico,3297588.59375,-1216400,2.75
Qatar,855703.734375,1996823,0.453125
Romania,21024190.359375,-2196741,20.546875
Russian Federation,140176643.484375,12488328,139.65625
Rwanda,7383050.46875,-941257,6.90625
Samoa,172193.09375,-182253,0.0
San Marino,24922.390625,14187,0.0
Sao Tome and Principe,131915.296875,-66138,0.0
Saudi Arabia,18049646.640625,6801678,17.5625
Senegal,8689411.65625,-1248878,8.171875
Serbia,7234053.875,195041,6.734375
Seychelles,72803.53125,466,0.0
Sierra Leone,4655061.84375,-483930,4.15625
Singapore,3499355.96875,2453970,3.0
Sint Maarten (Dutch part),23147.71875,24880,0.0
Slovenia,1920626.84375,190450,1.296875
Solomon Islands,368897.03125,-64349,0.0
Somalia,8157175.859375,-789350,7.671875
South Africa,38946341.28125,2992552,38.421875
South Sudan,6129511.171875,-470280,5.625
Spain,39757145.890625,7158047,39.21875
Sri Lanka,16900806.421875,-3077939,16.421875
Sudan,23609783.3125,-2816778,23.125
Suriname,446797.703125,-166862,0.0
Sweden,8753814.609375,2034611,8.25
Switzerland,6976948.0,2054303,6.5
Syrian Arab Republic,13340827.109375,-2735622,12.859375
Tajikistan,5574216.140625,-1181480,5.078125
Thailand,53764861.25,4674849,53.171875
Timor-Leste,825543.28125,-114003,0.265625
Togo,4448328.703125,-116671,3.953125
Tonga,96903.859375,-108458,0.0
Trinidad and Tobago,1233667.421875,-355770,0.828125
Tunisia,8360605.890625,-1076382,7.875
Turkmenistan,3884286.265625,-224564,3.390625
Turks and Caicos Islands,17790.875,26436,0.0
Tuvalu,8608.25,-2896,0.0
Uganda,21743424.078125,-3286008,21.28125
Ukraine,47622069.078125,-4508153,47.125
United Arab Emirates,3434973.734375,6583164,2.96875
United Kingdom,58899425.4375,5758559,58.453125
United States,258734856.40625,67104784,258.21875
Uruguay,3097935.875,-537549,2.625
Uzbekistan,21161665.375,-643038,20.65625
Vanuatu,170927.0,-29711,0.0
Viet Nam,67046998.546875,-2144265,66.546875
Zambia,9235383.0,-552949,8.734375
Zimbabwe,9776680.109375,-2866481,9.265625
