country,population,netMigration,population_in_millions
Bangladesh,110502817.5625,-20504716,110.0
Pakistan,128455910.140625,-18487914,128.015625
China,1109125312.5,-17070233,1108.65625
Mexico,84063561.203125,-14151531,83.53125
India,916069253.703125,-11247041,915.5625
Philippines,67347065.734375,-10049649,66.84375
Nepal,20331035.578125,-4840949,19.84375
Ukraine,47622069.078125,-4508153,47.125
Morocco,24753180.1875,-4175975,24.25
Myanmar,39610475.359375,-3739778,39.125
